<?xml version="1.0" encoding="UTF-8" standalone="yes"?>
<addon id="repository.xbmc-pl-tv" name="xbmc-pl-tv Addons" version="1.0.2" provider-name="smuto, sd-xbmc, xbmc-pl-tv">
	<extension point="xbmc.addon.repository" name="xbmc-pl-tv Addons">
		<info compressed="false">https://raw.githubusercontent.com/dpiekacz/kodi/master/addons.xml</info>
		<checksum>https://raw.githubusercontent.com/dpiekacz/kodi/master/addons.xml.md5</checksum>
		<datadir zip="true">https://github.com/dpiekacz/kodi/raw/master/repo</datadir>
	</extension>
	<extension point="xbmc.addon.metadata">
		<summary>xbmc-pl-tv Addon Repo</summary>
		<description>Polish TV addons for XBMC Gotham</description>
		<disclaimer>The owners and submitters to this repository do not host or distribute any of the content displayed by these addons nor do they have any affiliation with the content providers.</disclaimer>
		<platform>all</platform>
	</extension>
</addon>
